prompt_version,case_id,actual_label,pred_label,actual_root_cause,pred_root_cause,reasoning,human_tag
v1,synthetic/tests/test_suite_01.py::test_case_01,stable,flaky,none,timing,"The test failure is likely due to a timing issue. The test case `test_case_01` registers an item with the `shop` object, but the failure occurs when the test is run. It is possible that the `shop` object is not fully initialized or populated with data when the test is executed, causing the `register` method to fail. This is a classic example of a timing-related issue, where the test is sensitive to the order of operations or the timing of the execution.",
v1,synthetic/tests/test_suite_01.py::test_case_02,flaky,flaky,order_dep,timing,"The test failure is likely due to a timing race condition. The `registry()` function returns a list of items from the `_registry` list, which is not guaranteed to be populated at the time of the test. The previous attempt failed with an error indicating extra data, suggesting that the list was not fully populated when the test was run. This is a classic example of a timing race condition, where the test is trying to access a shared resource before it is fully initialized.",
v1,synthetic/tests/test_suite_01.py::test_case_03,stable,flaky,none,randomness,"The test failure is likely due to unseeded randomness, as the test case relies on the global variable _configured being set to a specific value. Without a clear seeding mechanism, the value of _configured can vary between runs, causing the test to fail intermittently.",
v1,synthetic/tests/test_suite_01.py::test_case_05,stable,flaky,none,timing,"The test failure is likely due to a timing race condition. The test case sets a session token, but the test does not wait for the token to be set before asserting its value. This can cause the test to fail intermittently due to the order in which the test and the code under test are executed.",
v1,synthetic/tests/test_suite_01.py::test_case_06,flaky,flaky,order_dep,timing,"The test failure is likely due to a timing race condition. The test is asserting that the session token is equal to a specific value, but the code under test is returning a static value. This suggests that the test is waiting for a specific value to be returned by the get_session function, which may not be guaranteed due to the nature of the function. The fact that the previous attempt failed with an error related to extra data suggests that the test is not properly handling the asynchronous nature of the function, leading to a flaky test.",
v1,synthetic/tests/test_suite_01.py::test_case_08,flaky,flaky,shared_state,order_dep,"The test failure is likely due to an order dependency issue. The test case `test_case_08` is asserting that `shop.apply_rate(10)` returns 10, but the failure message indicates that there is extra data on line 7 column 1. This suggests that the test is not properly isolating the dependencies required for the test to run correctly. The fact that the test failed in a previous attempt with a different error message also supports this conclusion.",
v1,synthetic/tests/test_suite_01.py::test_case_10,flaky,flaky,shared_state,timing,"The test failure is likely due to a timing race condition. The `calculate_tax` function is not guaranteed to return the same result on every run, as it depends on the value of `_default_tax`, which is not seeded. This can cause the test to fail intermittently, even if the code is correct. The previous error message suggests that the issue is related to the position of the assertion, which is a common symptom of a timing-related problem.",
v1,synthetic/tests/test_suite_02.py::test_case_11,stable,flaky,none,order_dep,"The test failure is likely due to an order dependency issue. The test modifies the `discount_tier` attribute of the `StoreConfig` class, which is then used in the `test_case_11` function. However, the test does not reset the `discount_tier` attribute after the test is run, which can cause the test to fail intermittently due to the order of operations. This is a classic example of an order dependency issue, where the test's behavior is dependent on the order in which the test is run and the test's setup and teardown.",
v1,synthetic/tests/test_suite_02.py::test_case_12,flaky,flaky,shared_state,timing,"The test failure is likely due to a timing race condition. The `StoreConfig` class is a class method, and its `get_tier` method returns the `discount_tier` attribute, which is a class attribute. This means that the value of `discount_tier` is not reinitialized on each test run, and it can be affected by the previous test run. This can cause the test to fail intermittently due to the stale value of `discount_tier`.",
v1,synthetic/tests/test_suite_02.py::test_case_13,flaky,stable,timing,none,Failed to parse JSON after retry,
v1,synthetic/tests/test_suite_02.py::test_case_19,flaky,flaky,time_tz,order_dep,"The test failure is likely due to an order dependency issue. The test is asserting that the greeting function returns 'Good day' when the current hour is between 5 and 22, but the test is not providing the correct input for the datetime.now() function. The previous attempt failed with an error indicating that there was extra data on line 7, which suggests that the datetime.now() function was not properly seeded or initialized. This is a classic example of an order dependency issue, where the test is not properly setting up the environment before running the test case.",
v1,synthetic/tests/test_suite_03.py::test_case_21,flaky,stable,time_tz,none,Failed to parse JSON after retry,
v1,synthetic/tests/test_suite_03.py::test_case_22,real,flaky,none,order_dep,"The test failure is likely due to an order dependency issue. The test case is asserting that the total rounded value is 11, but the code under test is using the result of another function (total) which is not defined in the provided code snippet. This suggests that the test is dependent on the order of operations or the result of the total function, which is not guaranteed. The fact that the previous attempt failed with a similar error suggests that the issue is likely related to the order of operations or the result of the total function.",
v1,synthetic/tests/test_suite_03.py::test_case_23,real,flaky,none,timing,"The test failure is likely due to a timing issue. The test is checking for a ValueError to be raised when a negative quantity is passed to the check_qty function. However, the function simply returns the input value without checking for its validity. This means that the test is not actually testing the function's behavior, but rather its input validation. The fact that the test failed with a different error message (Extra data: line 7 column 1) suggests that the test is not properly synchronized with the function's execution, leading to a timing-related issue.",
v1,synthetic/tests/test_suite_03.py::test_case_24,real,flaky,none,order_dep,"The test failure is likely due to an order dependency issue. The test is checking for a specific exception to be raised, but the failure message indicates that the string is unterminated, suggesting that the test is not properly isolating the test case. This could be due to the test being run in a specific order or environment that affects the outcome of the test. The high failure rate (100%) further supports this conclusion.",
v1,synthetic/tests/test_suite_03.py::test_case_25,real,flaky,none,timing,"The test failure is likely due to a timing race condition. The `format_currency` function uses a fixed precision of 1 decimal place, which may not be sufficient to handle the floating-point arithmetic involved in the test case. The previous error message suggests that the string formatting was not properly terminated, indicating a potential issue with the timing of the function call. This is a classic example of a flaky test due to a timing dependency.",
v1,synthetic/tests/test_suite_03.py::test_case_26,real,flaky,none,order_dep,"The test failure is due to an order dependency issue. The test is asserting that the merge_catalogs function returns a specific order of keys in the resulting dictionary. However, the function is currently iterating over the keys of cat2 in the order they appear in the dictionary, which can lead to a different order of keys in the resulting dictionary. This can cause the test to fail even if the function is working correctly. To fix this, the function should be modified to always return the keys in a consistent order, such as by sorting the keys before merging the dictionaries.",
v1,synthetic/tests/test_suite_03.py::test_case_27,real,flaky,none,order_dep,"The test failure is likely due to an order dependency because the test is asserting a specific behavior (parse_sku returning an integer) without verifying the input format. The test is also not checking if the input string is in the correct format before attempting to parse it. This could lead to an IndexError if the input string is not in the expected format. The test is also not checking if the split function is working correctly, which could also lead to an IndexError. The high failure rate (100%) suggests that the test is not robust enough to handle different input scenarios.",
v1,synthetic/tests/test_suite_03.py::test_case_28,stable,flaky,none,randomness,"The test failure is likely due to unseeded randomness. The test uses the `total` function, which multiplies the sum of prices by (1 - _discount). However, the `_discount` variable is not initialized before being used. This can lead to unpredictable behavior and test failures due to random chance. The fact that the test passes on 20 out of 20 runs suggests that the test is flaky and not a real code bug.",
v1,synthetic/tests/test_suite_03.py::test_case_29,stable,flaky,none,order_dep,"The test failure is likely due to an order dependency issue. The test is asserting that the `add` function returns 30, but the error message suggests that there is extra data on line 7 column 1. This could be due to the fact that the `shop` object is not properly initialized or seeded before the `add` function is called. The test is not robust enough to handle this scenario, and the failure rate is 0.0%, indicating that the test is flaky and may fail intermittently.",
v1,synthetic/tests/test_suite_03.py::test_case_30,stable,flaky,none,order_dep,"The test failure is likely due to an order dependency issue. The test is asserting that the result of shop.multiply(6, 7) is 42, but the error message suggests that there is extra data on line 7 column 1. This could be due to the order in which the test is run, or the order in which the functions are defined. The fact that the test passed on all other runs suggests that this is a flaky test, rather than a real code bug.",
v1,synthetic/tests/test_suite_03.py::test_case_31,stable,flaky,none,order_dep,"The test failure is likely due to an order dependency issue. The test case is asserting a specific output from the capitalize function, but the function is not guaranteed to produce the same output in the same order every time. The fact that the test passed in the provided log excerpt suggests that the test is sensitive to the order of operations or the specific input data. This is a common issue in tests that rely on specific input data or order dependencies, and it can be difficult to reproduce and debug without additional context or information.",
v2,synthetic/tests/test_suite_01.py::test_case_01,stable,flaky,none,order_dep,"Test failure is non-deterministic due to the execution order of tests, as the order of registration in the test case may differ from the expected order in the code under test.",
v2,synthetic/tests/test_suite_01.py::test_case_03,stable,flaky,none,order_dep,Test failure depends on the execution order of tests,
v2,synthetic/tests/test_suite_01.py::test_case_05,stable,flaky,none,order_dep,Test failure depends on the execution order of tests,
v2,synthetic/tests/test_suite_01.py::test_case_07,stable,flaky,none,order_dep,"Test failure depends on the execution order of tests, as the _cache attribute is cleared before each test run.",
v2,synthetic/tests/test_suite_01.py::test_case_08,flaky,flaky,shared_state,order_dep,"Failure depends on the execution order of tests (victim or polluter test). The test case 'test_case_08' is likely polluting the global state by modifying the _cache['rate'] attribute, which is then used by the 'apply_rate' function, causing the test to fail intermittently.",
v2,synthetic/tests/test_suite_01.py::test_case_09,stable,flaky,none,none,"No clear root cause identified, but test passes consistently with no failures in the evidence bundle.",
v2,synthetic/tests/test_suite_01.py::test_case_10,flaky,flaky,shared_state,order_dep,Failure depends on the execution order of tests (victim or polluter test),
v2,synthetic/tests/test_suite_02.py::test_case_11,stable,flaky,none,order_dep,Test failure depends on the execution order of tests,
v2,synthetic/tests/test_suite_02.py::test_case_12,flaky,flaky,shared_state,order_dep,Failure depends on the execution order of tests (victim or polluter test),
v2,synthetic/tests/test_suite_02.py::test_case_13,flaky,flaky,timing,order_dep,"Failure depends on the execution order of tests, as the test starts the slow_job after a short delay, which may not have completed yet.",
v2,synthetic/tests/test_suite_02.py::test_case_14,flaky,flaky,timing,order_dep,"Test failure depends on the execution order of tests, as the worker thread is started before the assertion is made.",
v2,synthetic/tests/test_suite_02.py::test_case_15,flaky,flaky,timing,order_dep,"Failure depends on the execution order of tests, as the increment_counter function is not thread-safe and the order of incrementing the COUNTER attribute is not deterministic.",
v2,synthetic/tests/test_suite_02.py::test_case_17,flaky,flaky,randomness,order_dep,"The test failure is likely due to the execution order of tests, as the assertion error occurs when comparing two identical values.",
v2,synthetic/tests/test_suite_02.py::test_case_19,flaky,flaky,time_tz,order_dep,"Test failure depends on the execution order of tests, as the current hour is not deterministic.",
v2,synthetic/tests/test_suite_02.py::test_case_20,flaky,flaky,time_tz,order_dep,Failure depends on the execution order of tests (victim or polluter test),
v2,synthetic/tests/test_suite_03.py::test_case_21,flaky,flaky,time_tz,order_dep,"The test failure is likely due to the execution order of tests, as the assertion error occurs when the shop.check_timezone_offset function is called before the datetime.now() function.",
v2,synthetic/tests/test_suite_03.py::test_case_22,real,flaky,none,order_dep,"The test failure is likely due to the execution order of tests, as the assertion error occurs when the total function is not defined, which is not the case in the test body.",
v2,synthetic/tests/test_suite_03.py::test_case_23,real,flaky,none,order_dep,"Test failure depends on the execution order of tests, as the order of tests can affect the outcome of the shop.check_qty function.",
v2,synthetic/tests/test_suite_03.py::test_case_24,real,flaky,none,order_dep,"Test failure depends on the execution order of tests, as the order of tests can affect the order of operations in the code under test.",
v2,synthetic/tests/test_suite_03.py::test_case_25,real,flaky,none,order_dep,Failure depends on the execution order of tests (victim or polluter test),
v2,synthetic/tests/test_suite_03.py::test_case_26,real,flaky,none,order_dep,"Test failure is non-deterministic due to the execution order of tests. The test case 26 is dependent on the order of tests, and the failure occurs because the assertion is executed after the function merge_catalogs has been called.",
v2,synthetic/tests/test_suite_03.py::test_case_27,real,flaky,none,order_dep,"The test failure is likely due to the execution order of tests, as the test case 27 is executed after the shop module is initialized, causing the parse_sku function to access an uninitialized variable.",
v2,synthetic/tests/test_suite_03.py::test_case_28,stable,flaky,none,order_dep,Test failure depends on the execution order of tests,
v2,synthetic/tests/test_suite_03.py::test_case_29,stable,flaky,none,none,"No clear root cause identified, but test passes consistently in most runs.",
v2,synthetic/tests/test_suite_03.py::test_case_30,stable,flaky,none,none,"No clear root cause identified, but test passes consistently in most runs.",
v2,synthetic/tests/test_suite_03.py::test_case_31,stable,flaky,none,order_dep,"Test failure depends on the execution order of tests, likely due to the test case being executed before the polluter test.",
v3,synthetic/tests/test_suite_01.py::test_case_08,flaky,flaky,shared_state,order_dep,"The test expects _cache to contain 'rate' which is populated by a separate test. When run in shuffled order before the login test, it fails with KeyError.",
v3,synthetic/tests/test_suite_01.py::test_case_10,flaky,flaky,shared_state,order_dep,"The test expects _default_tax to be a constant, but it's being overwritten by a separate test that modifies it. When run in a different order, it fails with an AssertionError.",
v3,synthetic/tests/test_suite_02.py::test_case_12,flaky,flaky,shared_state,order_dep,"The test expects shop.StoreConfig.get_tier() to return 'VIP', but it returns 'STANDARD' instead, likely due to the order of tests being executed.",
v3,synthetic/tests/test_suite_02.py::test_case_17,flaky,flaky,randomness,order_dep,The test expects 'FAIL' to not be equal to 'FAIL' which is a non-deterministic condition due to the random choice of 'FAIL' from the list of options.,
v3,synthetic/tests/test_suite_02.py::test_case_18,flaky,flaky,randomness,timing,"The test relies on a fixed sleep duration, which can be affected by system clock timing, causing the test to fail occasionally.",
v3,synthetic/tests/test_suite_02.py::test_case_19,flaky,flaky,time_tz,timing,"The test expects shop.greeting to return 'Good day' when the current hour is between 5 and 21. However, the test is run at 2 AM, causing the function to return 'Good night' due to the time-of-day dependency.",
v3,synthetic/tests/test_suite_02.py::test_case_20,flaky,flaky,time_tz,timing,"The test expects shop.is_business_hours() to return True for any time after 8am and before 5pm. However, the current time is outside of these hours, causing the assertion to fail.",
v3,synthetic/tests/test_suite_03.py::test_case_21,flaky,flaky,time_tz,timing,"The test expects shop.check_timezone_offset to return 5, but due to the current time being 5 hours ahead of UTC, it returns 5. This is a timing issue that can be resolved by seeding the random number generator or using a fixed clock.",
v3,synthetic/tests/test_suite_03.py::test_case_22,real,flaky,none,timing,"The test expects shop.total_rounded to return 10.0, but due to a timing issue, it returns 11.0, causing the assertion to fail.",
v3,synthetic/tests/test_suite_03.py::test_case_23,real,flaky,none,none,"The test fails consistently with no apparent reason, suggesting a non-deterministic or flaky test failure.",
v3,synthetic/tests/test_suite_03.py::test_case_24,real,flaky,none,none,"The test fails consistently with no apparent reason, suggesting a non-deterministic or flaky test failure.",
v3,synthetic/tests/test_suite_03.py::test_case_25,real,flaky,none,timing,"The test expects shop.format_currency(12.345) to return '$12.35' but due to the system clock's time-of-day dependency, it returns '$12.3' in this run.",
v3,synthetic/tests/test_suite_03.py::test_case_26,real,flaky,none,order_dep,"The test expects shop.merge_catalogs to return a dictionary with a list of length 1, but it returns a dictionary with a list of length 2 due to the order of tests, causing the assertion to fail.",
v3,synthetic/tests/test_suite_03.py::test_case_27,real,flaky,none,order_dep,"The test expects shop.parse_sku to return the second part of the SKU string. When run in shuffled order before the test that populates the SKU string, it fails with IndexError.",
