case_id,success,steps_taken,code_under_test_count,fixtures_count,shared_state_count,smells_count
synthetic/tests/test_suite_01.py::test_case_01,1,3,1,0,8,0
synthetic/tests/test_suite_01.py::test_case_02,1,3,1,0,8,0
synthetic/tests/test_suite_01.py::test_case_03,1,3,1,0,8,0
synthetic/tests/test_suite_01.py::test_case_04,1,3,1,0,8,0
synthetic/tests/test_suite_01.py::test_case_05,1,3,1,0,8,0
synthetic/tests/test_suite_01.py::test_case_06,1,3,1,0,8,0
synthetic/tests/test_suite_01.py::test_case_07,1,4,1,0,8,0
synthetic/tests/test_suite_01.py::test_case_08,1,3,1,0,8,0
synthetic/tests/test_suite_01.py::test_case_09,1,2,1,0,8,0
synthetic/tests/test_suite_01.py::test_case_10,1,3,1,0,8,0
synthetic/tests/test_suite_02.py::test_case_11,1,3,2,0,8,0
synthetic/tests/test_suite_02.py::test_case_12,1,4,2,0,8,0
synthetic/tests/test_suite_02.py::test_case_13,1,10,3,0,8,3
synthetic/tests/test_suite_02.py::test_case_14,1,10,3,0,8,2
synthetic/tests/test_suite_02.py::test_case_15,1,15,3,0,8,2
synthetic/tests/test_suite_02.py::test_case_16,1,3,1,0,8,1
synthetic/tests/test_suite_02.py::test_case_17,1,3,1,0,8,1
synthetic/tests/test_suite_02.py::test_case_18,1,3,1,0,8,1
synthetic/tests/test_suite_02.py::test_case_19,1,6,3,0,17,2
synthetic/tests/test_suite_02.py::test_case_20,1,6,3,0,17,2
synthetic/tests/test_suite_03.py::test_case_21,1,6,3,0,17,3
synthetic/tests/test_suite_03.py::test_case_22,1,3,2,0,8,0
synthetic/tests/test_suite_03.py::test_case_23,1,5,3,0,13,0
synthetic/tests/test_suite_03.py::test_case_24,1,5,3,0,13,0
synthetic/tests/test_suite_03.py::test_case_25,1,3,1,0,8,0
synthetic/tests/test_suite_03.py::test_case_26,1,3,1,0,8,0
synthetic/tests/test_suite_03.py::test_case_27,1,3,1,0,8,0
synthetic/tests/test_suite_03.py::test_case_28,1,5,2,0,8,0
synthetic/tests/test_suite_03.py::test_case_29,1,3,1,0,8,0
synthetic/tests/test_suite_03.py::test_case_30,1,3,1,0,8,0
synthetic/tests/test_suite_03.py::test_case_31,1,3,1,0,8,0
