run_id,seed,test_id,outcome
1,1,synthetic/tests/test_suite_01.py::test_case_04,FAIL
1,1,synthetic/tests/test_suite_01.py::test_case_08,PASS
1,1,synthetic/tests/test_suite_01.py::test_case_10,PASS
1,1,synthetic/tests/test_suite_01.py::test_case_05,PASS
1,1,synthetic/tests/test_suite_01.py::test_case_01,PASS
1,1,synthetic/tests/test_suite_01.py::test_case_09,PASS
1,1,synthetic/tests/test_suite_01.py::test_case_03,PASS
1,1,synthetic/tests/test_suite_01.py::test_case_07,PASS
1,1,synthetic/tests/test_suite_01.py::test_case_06,PASS
1,1,synthetic/tests/test_suite_01.py::test_case_02,PASS
1,1,synthetic/tests/test_suite_02.py::test_case_16,PASS
1,1,synthetic/tests/test_suite_02.py::test_case_12,PASS
1,1,synthetic/tests/test_suite_02.py::test_case_13,FAIL
1,1,synthetic/tests/test_suite_02.py::test_case_17,PASS
1,1,synthetic/tests/test_suite_02.py::test_case_15,FAIL
1,1,synthetic/tests/test_suite_02.py::test_case_11,PASS
1,1,synthetic/tests/test_suite_02.py::test_case_19,FAIL
1,1,synthetic/tests/test_suite_02.py::test_case_20,FAIL
1,1,synthetic/tests/test_suite_02.py::test_case_14,FAIL
1,1,synthetic/tests/test_suite_02.py::test_case_18,PASS
1,1,synthetic/tests/test_suite_03.py::test_case_30,PASS
1,1,synthetic/tests/test_suite_03.py::test_case_24,FAIL
1,1,synthetic/tests/test_suite_03.py::test_case_28,PASS
1,1,synthetic/tests/test_suite_03.py::test_case_21,FAIL
1,1,synthetic/tests/test_suite_03.py::test_case_25,FAIL
1,1,synthetic/tests/test_suite_03.py::test_case_29,PASS
1,1,synthetic/tests/test_suite_03.py::test_case_31,PASS
1,1,synthetic/tests/test_suite_03.py::test_case_27,FAIL
1,1,synthetic/tests/test_suite_03.py::test_case_23,FAIL
1,1,synthetic/tests/test_suite_03.py::test_case_22,FAIL
1,1,synthetic/tests/test_suite_03.py::test_case_26,FAIL
2,2,synthetic/tests/test_suite_01.py::test_case_06,FAIL
2,2,synthetic/tests/test_suite_01.py::test_case_02,FAIL
2,2,synthetic/tests/test_suite_01.py::test_case_03,PASS
2,2,synthetic/tests/test_suite_01.py::test_case_07,PASS
2,2,synthetic/tests/test_suite_01.py::test_case_05,PASS
2,2,synthetic/tests/test_suite_01.py::test_case_01,PASS
2,2,synthetic/tests/test_suite_01.py::test_case_09,PASS
2,2,synthetic/tests/test_suite_01.py::test_case_10,FAIL
2,2,synthetic/tests/test_suite_01.py::test_case_04,PASS
2,2,synthetic/tests/test_suite_01.py::test_case_08,FAIL
2,2,synthetic/tests/test_suite_02.py::test_case_20,FAIL
2,2,synthetic/tests/test_suite_02.py::test_case_14,FAIL
2,2,synthetic/tests/test_suite_02.py::test_case_18,PASS
2,2,synthetic/tests/test_suite_02.py::test_case_15,FAIL
2,2,synthetic/tests/test_suite_02.py::test_case_11,PASS
2,2,synthetic/tests/test_suite_02.py::test_case_19,FAIL
2,2,synthetic/tests/test_suite_02.py::test_case_13,FAIL
2,2,synthetic/tests/test_suite_02.py::test_case_17,PASS
2,2,synthetic/tests/test_suite_02.py::test_case_16,PASS
2,2,synthetic/tests/test_suite_02.py::test_case_12,FAIL
2,2,synthetic/tests/test_suite_03.py::test_case_22,FAIL
2,2,synthetic/tests/test_suite_03.py::test_case_26,FAIL
2,2,synthetic/tests/test_suite_03.py::test_case_27,FAIL
2,2,synthetic/tests/test_suite_03.py::test_case_23,FAIL
2,2,synthetic/tests/test_suite_03.py::test_case_31,PASS
2,2,synthetic/tests/test_suite_03.py::test_case_21,FAIL
2,2,synthetic/tests/test_suite_03.py::test_case_25,FAIL
2,2,synthetic/tests/test_suite_03.py::test_case_29,PASS
2,2,synthetic/tests/test_suite_03.py::test_case_24,FAIL
2,2,synthetic/tests/test_suite_03.py::test_case_28,PASS
2,2,synthetic/tests/test_suite_03.py::test_case_30,PASS
3,3,synthetic/tests/test_suite_01.py::test_case_07,PASS
3,3,synthetic/tests/test_suite_01.py::test_case_03,PASS
3,3,synthetic/tests/test_suite_01.py::test_case_02,FAIL
3,3,synthetic/tests/test_suite_01.py::test_case_06,FAIL
3,3,synthetic/tests/test_suite_01.py::test_case_10,PASS
3,3,synthetic/tests/test_suite_01.py::test_case_08,FAIL
3,3,synthetic/tests/test_suite_01.py::test_case_04,PASS
3,3,synthetic/tests/test_suite_01.py::test_case_09,PASS
3,3,synthetic/tests/test_suite_01.py::test_case_01,PASS
3,3,synthetic/tests/test_suite_01.py::test_case_05,PASS
3,3,synthetic/tests/test_suite_02.py::test_case_19,FAIL
3,3,synthetic/tests/test_suite_02.py::test_case_11,PASS
3,3,synthetic/tests/test_suite_02.py::test_case_15,FAIL
3,3,synthetic/tests/test_suite_02.py::test_case_20,FAIL
3,3,synthetic/tests/test_suite_02.py::test_case_18,PASS
3,3,synthetic/tests/test_suite_02.py::test_case_14,FAIL
3,3,synthetic/tests/test_suite_02.py::test_case_12,FAIL
3,3,synthetic/tests/test_suite_02.py::test_case_16,PASS
3,3,synthetic/tests/test_suite_02.py::test_case_17,PASS
3,3,synthetic/tests/test_suite_02.py::test_case_13,PASS
3,3,synthetic/tests/test_suite_03.py::test_case_23,FAIL
3,3,synthetic/tests/test_suite_03.py::test_case_27,FAIL
3,3,synthetic/tests/test_suite_03.py::test_case_26,FAIL
3,3,synthetic/tests/test_suite_03.py::test_case_22,FAIL
3,3,synthetic/tests/test_suite_03.py::test_case_28,PASS
3,3,synthetic/tests/test_suite_03.py::test_case_24,FAIL
3,3,synthetic/tests/test_suite_03.py::test_case_30,PASS
3,3,synthetic/tests/test_suite_03.py::test_case_31,PASS
3,3,synthetic/tests/test_suite_03.py::test_case_29,PASS
3,3,synthetic/tests/test_suite_03.py::test_case_25,FAIL
3,3,synthetic/tests/test_suite_03.py::test_case_21,FAIL
4,4,synthetic/tests/test_suite_01.py::test_case_07,PASS
4,4,synthetic/tests/test_suite_01.py::test_case_03,PASS
4,4,synthetic/tests/test_suite_01.py::test_case_02,FAIL
4,4,synthetic/tests/test_suite_01.py::test_case_06,FAIL
4,4,synthetic/tests/test_suite_01.py::test_case_08,FAIL
4,4,synthetic/tests/test_suite_01.py::test_case_04,PASS
4,4,synthetic/tests/test_suite_01.py::test_case_10,PASS
4,4,synthetic/tests/test_suite_01.py::test_case_09,PASS
4,4,synthetic/tests/test_suite_01.py::test_case_01,PASS
4,4,synthetic/tests/test_suite_01.py::test_case_05,PASS
4,4,synthetic/tests/test_suite_03.py::test_case_23,FAIL
4,4,synthetic/tests/test_suite_03.py::test_case_27,FAIL
4,4,synthetic/tests/test_suite_03.py::test_case_26,FAIL
4,4,synthetic/tests/test_suite_03.py::test_case_22,FAIL
4,4,synthetic/tests/test_suite_03.py::test_case_30,PASS
4,4,synthetic/tests/test_suite_03.py::test_case_28,PASS
4,4,synthetic/tests/test_suite_03.py::test_case_24,FAIL
4,4,synthetic/tests/test_suite_03.py::test_case_29,PASS
4,4,synthetic/tests/test_suite_03.py::test_case_25,FAIL
4,4,synthetic/tests/test_suite_03.py::test_case_21,FAIL
4,4,synthetic/tests/test_suite_03.py::test_case_31,PASS
4,4,synthetic/tests/test_suite_02.py::test_case_19,FAIL
4,4,synthetic/tests/test_suite_02.py::test_case_11,PASS
4,4,synthetic/tests/test_suite_02.py::test_case_15,FAIL
4,4,synthetic/tests/test_suite_02.py::test_case_18,PASS
4,4,synthetic/tests/test_suite_02.py::test_case_14,FAIL
4,4,synthetic/tests/test_suite_02.py::test_case_20,FAIL
4,4,synthetic/tests/test_suite_02.py::test_case_12,FAIL
4,4,synthetic/tests/test_suite_02.py::test_case_16,FAIL
4,4,synthetic/tests/test_suite_02.py::test_case_17,PASS
4,4,synthetic/tests/test_suite_02.py::test_case_13,FAIL
5,5,synthetic/tests/test_suite_01.py::test_case_06,FAIL
5,5,synthetic/tests/test_suite_01.py::test_case_02,FAIL
5,5,synthetic/tests/test_suite_01.py::test_case_03,PASS
5,5,synthetic/tests/test_suite_01.py::test_case_07,PASS
5,5,synthetic/tests/test_suite_01.py::test_case_05,PASS
5,5,synthetic/tests/test_suite_01.py::test_case_01,PASS
5,5,synthetic/tests/test_suite_01.py::test_case_09,PASS
5,5,synthetic/tests/test_suite_01.py::test_case_04,PASS
5,5,synthetic/tests/test_suite_01.py::test_case_08,FAIL
5,5,synthetic/tests/test_suite_01.py::test_case_10,FAIL
5,5,synthetic/tests/test_suite_03.py::test_case_22,FAIL
5,5,synthetic/tests/test_suite_03.py::test_case_26,FAIL
5,5,synthetic/tests/test_suite_03.py::test_case_27,FAIL
5,5,synthetic/tests/test_suite_03.py::test_case_23,FAIL
5,5,synthetic/tests/test_suite_03.py::test_case_21,FAIL
5,5,synthetic/tests/test_suite_03.py::test_case_25,FAIL
5,5,synthetic/tests/test_suite_03.py::test_case_29,PASS
5,5,synthetic/tests/test_suite_03.py::test_case_31,PASS
5,5,synthetic/tests/test_suite_03.py::test_case_30,PASS
5,5,synthetic/tests/test_suite_03.py::test_case_24,FAIL
5,5,synthetic/tests/test_suite_03.py::test_case_28,PASS
5,5,synthetic/tests/test_suite_02.py::test_case_14,FAIL
5,5,synthetic/tests/test_suite_02.py::test_case_18,PASS
5,5,synthetic/tests/test_suite_02.py::test_case_20,FAIL
5,5,synthetic/tests/test_suite_02.py::test_case_15,FAIL
5,5,synthetic/tests/test_suite_02.py::test_case_11,PASS
5,5,synthetic/tests/test_suite_02.py::test_case_19,FAIL
5,5,synthetic/tests/test_suite_02.py::test_case_13,PASS
5,5,synthetic/tests/test_suite_02.py::test_case_17,FAIL
5,5,synthetic/tests/test_suite_02.py::test_case_16,PASS
5,5,synthetic/tests/test_suite_02.py::test_case_12,FAIL
6,6,synthetic/tests/test_suite_01.py::test_case_10,PASS
6,6,synthetic/tests/test_suite_01.py::test_case_04,FAIL
6,6,synthetic/tests/test_suite_01.py::test_case_08,PASS
6,6,synthetic/tests/test_suite_01.py::test_case_05,PASS
6,6,synthetic/tests/test_suite_01.py::test_case_01,PASS
6,6,synthetic/tests/test_suite_01.py::test_case_09,PASS
6,6,synthetic/tests/test_suite_01.py::test_case_03,PASS
6,6,synthetic/tests/test_suite_01.py::test_case_07,PASS
6,6,synthetic/tests/test_suite_01.py::test_case_06,PASS
6,6,synthetic/tests/test_suite_01.py::test_case_02,PASS
6,6,synthetic/tests/test_suite_03.py::test_case_24,FAIL
6,6,synthetic/tests/test_suite_03.py::test_case_28,PASS
6,6,synthetic/tests/test_suite_03.py::test_case_30,PASS
6,6,synthetic/tests/test_suite_03.py::test_case_31,PASS
6,6,synthetic/tests/test_suite_03.py::test_case_21,FAIL
6,6,synthetic/tests/test_suite_03.py::test_case_25,FAIL
6,6,synthetic/tests/test_suite_03.py::test_case_29,PASS
6,6,synthetic/tests/test_suite_03.py::test_case_27,FAIL
6,6,synthetic/tests/test_suite_03.py::test_case_23,FAIL
6,6,synthetic/tests/test_suite_03.py::test_case_22,FAIL
6,6,synthetic/tests/test_suite_03.py::test_case_26,FAIL
6,6,synthetic/tests/test_suite_02.py::test_case_16,FAIL
6,6,synthetic/tests/test_suite_02.py::test_case_12,PASS
6,6,synthetic/tests/test_suite_02.py::test_case_13,PASS
6,6,synthetic/tests/test_suite_02.py::test_case_17,PASS
6,6,synthetic/tests/test_suite_02.py::test_case_15,FAIL
6,6,synthetic/tests/test_suite_02.py::test_case_11,PASS
6,6,synthetic/tests/test_suite_02.py::test_case_19,FAIL
6,6,synthetic/tests/test_suite_02.py::test_case_14,FAIL
6,6,synthetic/tests/test_suite_02.py::test_case_18,PASS
6,6,synthetic/tests/test_suite_02.py::test_case_20,FAIL
7,7,synthetic/tests/test_suite_01.py::test_case_09,PASS
7,7,synthetic/tests/test_suite_01.py::test_case_01,PASS
7,7,synthetic/tests/test_suite_01.py::test_case_05,PASS
7,7,synthetic/tests/test_suite_01.py::test_case_10,FAIL
7,7,synthetic/tests/test_suite_01.py::test_case_08,PASS
7,7,synthetic/tests/test_suite_01.py::test_case_04,FAIL
7,7,synthetic/tests/test_suite_01.py::test_case_02,PASS
7,7,synthetic/tests/test_suite_01.py::test_case_06,PASS
7,7,synthetic/tests/test_suite_01.py::test_case_07,PASS
7,7,synthetic/tests/test_suite_01.py::test_case_03,PASS
7,7,synthetic/tests/test_suite_03.py::test_case_31,PASS
7,7,synthetic/tests/test_suite_03.py::test_case_29,PASS
7,7,synthetic/tests/test_suite_03.py::test_case_25,FAIL
7,7,synthetic/tests/test_suite_03.py::test_case_21,FAIL
7,7,synthetic/tests/test_suite_03.py::test_case_28,PASS
7,7,synthetic/tests/test_suite_03.py::test_case_24,FAIL
7,7,synthetic/tests/test_suite_03.py::test_case_30,PASS
7,7,synthetic/tests/test_suite_03.py::test_case_26,FAIL
7,7,synthetic/tests/test_suite_03.py::test_case_22,FAIL
7,7,synthetic/tests/test_suite_03.py::test_case_23,FAIL
7,7,synthetic/tests/test_suite_03.py::test_case_27,FAIL
7,7,synthetic/tests/test_suite_02.py::test_case_17,PASS
7,7,synthetic/tests/test_suite_02.py::test_case_13,FAIL
7,7,synthetic/tests/test_suite_02.py::test_case_12,PASS
7,7,synthetic/tests/test_suite_02.py::test_case_16,PASS
7,7,synthetic/tests/test_suite_02.py::test_case_18,PASS
7,7,synthetic/tests/test_suite_02.py::test_case_14,FAIL
7,7,synthetic/tests/test_suite_02.py::test_case_20,FAIL
7,7,synthetic/tests/test_suite_02.py::test_case_19,FAIL
7,7,synthetic/tests/test_suite_02.py::test_case_11,PASS
7,7,synthetic/tests/test_suite_02.py::test_case_15,FAIL
8,8,synthetic/tests/test_suite_02.py::test_case_17,PASS
8,8,synthetic/tests/test_suite_02.py::test_case_13,PASS
8,8,synthetic/tests/test_suite_02.py::test_case_12,PASS
8,8,synthetic/tests/test_suite_02.py::test_case_16,PASS
8,8,synthetic/tests/test_suite_02.py::test_case_20,FAIL
8,8,synthetic/tests/test_suite_02.py::test_case_14,FAIL
8,8,synthetic/tests/test_suite_02.py::test_case_18,PASS
8,8,synthetic/tests/test_suite_02.py::test_case_11,PASS
8,8,synthetic/tests/test_suite_02.py::test_case_15,FAIL
8,8,synthetic/tests/test_suite_02.py::test_case_19,FAIL
8,8,synthetic/tests/test_suite_03.py::test_case_31,PASS
8,8,synthetic/tests/test_suite_03.py::test_case_25,FAIL
8,8,synthetic/tests/test_suite_03.py::test_case_21,FAIL
8,8,synthetic/tests/test_suite_03.py::test_case_29,PASS
8,8,synthetic/tests/test_suite_03.py::test_case_24,FAIL
8,8,synthetic/tests/test_suite_03.py::test_case_28,PASS
8,8,synthetic/tests/test_suite_03.py::test_case_30,PASS
8,8,synthetic/tests/test_suite_03.py::test_case_26,FAIL
8,8,synthetic/tests/test_suite_03.py::test_case_22,FAIL
8,8,synthetic/tests/test_suite_03.py::test_case_23,FAIL
8,8,synthetic/tests/test_suite_03.py::test_case_27,FAIL
8,8,synthetic/tests/test_suite_01.py::test_case_01,PASS
8,8,synthetic/tests/test_suite_01.py::test_case_05,PASS
8,8,synthetic/tests/test_suite_01.py::test_case_09,PASS
8,8,synthetic/tests/test_suite_01.py::test_case_10,FAIL
8,8,synthetic/tests/test_suite_01.py::test_case_04,FAIL
8,8,synthetic/tests/test_suite_01.py::test_case_08,PASS
8,8,synthetic/tests/test_suite_01.py::test_case_02,PASS
8,8,synthetic/tests/test_suite_01.py::test_case_06,PASS
8,8,synthetic/tests/test_suite_01.py::test_case_07,PASS
8,8,synthetic/tests/test_suite_01.py::test_case_03,PASS
9,9,synthetic/tests/test_suite_02.py::test_case_16,PASS
9,9,synthetic/tests/test_suite_02.py::test_case_12,PASS
9,9,synthetic/tests/test_suite_02.py::test_case_13,FAIL
9,9,synthetic/tests/test_suite_02.py::test_case_17,PASS
9,9,synthetic/tests/test_suite_02.py::test_case_19,FAIL
9,9,synthetic/tests/test_suite_02.py::test_case_15,FAIL
9,9,synthetic/tests/test_suite_02.py::test_case_11,PASS
9,9,synthetic/tests/test_suite_02.py::test_case_20,FAIL
9,9,synthetic/tests/test_suite_02.py::test_case_18,PASS
9,9,synthetic/tests/test_suite_02.py::test_case_14,FAIL
9,9,synthetic/tests/test_suite_03.py::test_case_28,PASS
9,9,synthetic/tests/test_suite_03.py::test_case_24,FAIL
9,9,synthetic/tests/test_suite_03.py::test_case_30,PASS
9,9,synthetic/tests/test_suite_03.py::test_case_31,PASS
9,9,synthetic/tests/test_suite_03.py::test_case_29,PASS
9,9,synthetic/tests/test_suite_03.py::test_case_21,FAIL
9,9,synthetic/tests/test_suite_03.py::test_case_25,FAIL
9,9,synthetic/tests/test_suite_03.py::test_case_27,FAIL
9,9,synthetic/tests/test_suite_03.py::test_case_23,FAIL
9,9,synthetic/tests/test_suite_03.py::test_case_22,FAIL
9,9,synthetic/tests/test_suite_03.py::test_case_26,FAIL
9,9,synthetic/tests/test_suite_01.py::test_case_10,PASS
9,9,synthetic/tests/test_suite_01.py::test_case_08,PASS
9,9,synthetic/tests/test_suite_01.py::test_case_04,FAIL
9,9,synthetic/tests/test_suite_01.py::test_case_09,PASS
9,9,synthetic/tests/test_suite_01.py::test_case_05,PASS
9,9,synthetic/tests/test_suite_01.py::test_case_01,PASS
9,9,synthetic/tests/test_suite_01.py::test_case_03,PASS
9,9,synthetic/tests/test_suite_01.py::test_case_07,PASS
9,9,synthetic/tests/test_suite_01.py::test_case_06,PASS
9,9,synthetic/tests/test_suite_01.py::test_case_02,PASS
10,10,synthetic/tests/test_suite_01.py::test_case_09,PASS
10,10,synthetic/tests/test_suite_01.py::test_case_01,PASS
10,10,synthetic/tests/test_suite_01.py::test_case_05,PASS
10,10,synthetic/tests/test_suite_01.py::test_case_08,PASS
10,10,synthetic/tests/test_suite_01.py::test_case_04,FAIL
10,10,synthetic/tests/test_suite_01.py::test_case_10,FAIL
10,10,synthetic/tests/test_suite_01.py::test_case_02,PASS
10,10,synthetic/tests/test_suite_01.py::test_case_06,PASS
10,10,synthetic/tests/test_suite_01.py::test_case_07,PASS
10,10,synthetic/tests/test_suite_01.py::test_case_03,PASS
10,10,synthetic/tests/test_suite_03.py::test_case_29,PASS
10,10,synthetic/tests/test_suite_03.py::test_case_25,FAIL
10,10,synthetic/tests/test_suite_03.py::test_case_21,FAIL
10,10,synthetic/tests/test_suite_03.py::test_case_31,PASS
10,10,synthetic/tests/test_suite_03.py::test_case_30,PASS
10,10,synthetic/tests/test_suite_03.py::test_case_28,PASS
10,10,synthetic/tests/test_suite_03.py::test_case_24,FAIL
10,10,synthetic/tests/test_suite_03.py::test_case_26,FAIL
10,10,synthetic/tests/test_suite_03.py::test_case_22,FAIL
10,10,synthetic/tests/test_suite_03.py::test_case_23,FAIL
10,10,synthetic/tests/test_suite_03.py::test_case_27,FAIL
10,10,synthetic/tests/test_suite_02.py::test_case_17,PASS
10,10,synthetic/tests/test_suite_02.py::test_case_13,PASS
10,10,synthetic/tests/test_suite_02.py::test_case_12,PASS
10,10,synthetic/tests/test_suite_02.py::test_case_16,PASS
10,10,synthetic/tests/test_suite_02.py::test_case_20,FAIL
10,10,synthetic/tests/test_suite_02.py::test_case_18,PASS
10,10,synthetic/tests/test_suite_02.py::test_case_14,FAIL
10,10,synthetic/tests/test_suite_02.py::test_case_19,FAIL
10,10,synthetic/tests/test_suite_02.py::test_case_11,PASS
10,10,synthetic/tests/test_suite_02.py::test_case_15,FAIL
11,11,synthetic/tests/test_suite_01.py::test_case_04,FAIL
11,11,synthetic/tests/test_suite_01.py::test_case_08,PASS
11,11,synthetic/tests/test_suite_01.py::test_case_10,PASS
11,11,synthetic/tests/test_suite_01.py::test_case_05,PASS
11,11,synthetic/tests/test_suite_01.py::test_case_01,PASS
11,11,synthetic/tests/test_suite_01.py::test_case_09,PASS
11,11,synthetic/tests/test_suite_01.py::test_case_03,PASS
11,11,synthetic/tests/test_suite_01.py::test_case_07,PASS
11,11,synthetic/tests/test_suite_01.py::test_case_06,PASS
11,11,synthetic/tests/test_suite_01.py::test_case_02,PASS
11,11,synthetic/tests/test_suite_03.py::test_case_30,PASS
11,11,synthetic/tests/test_suite_03.py::test_case_24,FAIL
11,11,synthetic/tests/test_suite_03.py::test_case_28,PASS
11,11,synthetic/tests/test_suite_03.py::test_case_21,FAIL
11,11,synthetic/tests/test_suite_03.py::test_case_25,FAIL
11,11,synthetic/tests/test_suite_03.py::test_case_29,PASS
11,11,synthetic/tests/test_suite_03.py::test_case_31,PASS
11,11,synthetic/tests/test_suite_03.py::test_case_27,FAIL
11,11,synthetic/tests/test_suite_03.py::test_case_23,FAIL
11,11,synthetic/tests/test_suite_03.py::test_case_22,FAIL
11,11,synthetic/tests/test_suite_03.py::test_case_26,FAIL
11,11,synthetic/tests/test_suite_02.py::test_case_16,PASS
11,11,synthetic/tests/test_suite_02.py::test_case_12,PASS
11,11,synthetic/tests/test_suite_02.py::test_case_13,PASS
11,11,synthetic/tests/test_suite_02.py::test_case_17,PASS
11,11,synthetic/tests/test_suite_02.py::test_case_15,FAIL
11,11,synthetic/tests/test_suite_02.py::test_case_11,PASS
11,11,synthetic/tests/test_suite_02.py::test_case_19,FAIL
11,11,synthetic/tests/test_suite_02.py::test_case_20,FAIL
11,11,synthetic/tests/test_suite_02.py::test_case_14,FAIL
11,11,synthetic/tests/test_suite_02.py::test_case_18,PASS
12,12,synthetic/tests/test_suite_01.py::test_case_06,FAIL
12,12,synthetic/tests/test_suite_01.py::test_case_02,FAIL
12,12,synthetic/tests/test_suite_01.py::test_case_03,PASS
12,12,synthetic/tests/test_suite_01.py::test_case_07,PASS
12,12,synthetic/tests/test_suite_01.py::test_case_05,PASS
12,12,synthetic/tests/test_suite_01.py::test_case_01,PASS
12,12,synthetic/tests/test_suite_01.py::test_case_09,PASS
12,12,synthetic/tests/test_suite_01.py::test_case_10,FAIL
12,12,synthetic/tests/test_suite_01.py::test_case_04,PASS
12,12,synthetic/tests/test_suite_01.py::test_case_08,FAIL
12,12,synthetic/tests/test_suite_03.py::test_case_22,FAIL
12,12,synthetic/tests/test_suite_03.py::test_case_26,FAIL
12,12,synthetic/tests/test_suite_03.py::test_case_27,FAIL
12,12,synthetic/tests/test_suite_03.py::test_case_23,FAIL
12,12,synthetic/tests/test_suite_03.py::test_case_31,PASS
12,12,synthetic/tests/test_suite_03.py::test_case_21,FAIL
12,12,synthetic/tests/test_suite_03.py::test_case_25,FAIL
12,12,synthetic/tests/test_suite_03.py::test_case_29,PASS
12,12,synthetic/tests/test_suite_03.py::test_case_24,FAIL
12,12,synthetic/tests/test_suite_03.py::test_case_28,PASS
12,12,synthetic/tests/test_suite_03.py::test_case_30,PASS
12,12,synthetic/tests/test_suite_02.py::test_case_20,FAIL
12,12,synthetic/tests/test_suite_02.py::test_case_14,FAIL
12,12,synthetic/tests/test_suite_02.py::test_case_18,FAIL
12,12,synthetic/tests/test_suite_02.py::test_case_15,FAIL
12,12,synthetic/tests/test_suite_02.py::test_case_11,PASS
12,12,synthetic/tests/test_suite_02.py::test_case_19,FAIL
12,12,synthetic/tests/test_suite_02.py::test_case_13,FAIL
12,12,synthetic/tests/test_suite_02.py::test_case_17,PASS
12,12,synthetic/tests/test_suite_02.py::test_case_16,PASS
12,12,synthetic/tests/test_suite_02.py::test_case_12,FAIL
13,13,synthetic/tests/test_suite_01.py::test_case_07,PASS
13,13,synthetic/tests/test_suite_01.py::test_case_03,PASS
13,13,synthetic/tests/test_suite_01.py::test_case_02,FAIL
13,13,synthetic/tests/test_suite_01.py::test_case_06,FAIL
13,13,synthetic/tests/test_suite_01.py::test_case_10,PASS
13,13,synthetic/tests/test_suite_01.py::test_case_08,FAIL
13,13,synthetic/tests/test_suite_01.py::test_case_04,PASS
13,13,synthetic/tests/test_suite_01.py::test_case_09,PASS
13,13,synthetic/tests/test_suite_01.py::test_case_01,PASS
13,13,synthetic/tests/test_suite_01.py::test_case_05,PASS
13,13,synthetic/tests/test_suite_03.py::test_case_23,FAIL
13,13,synthetic/tests/test_suite_03.py::test_case_27,FAIL
13,13,synthetic/tests/test_suite_03.py::test_case_26,FAIL
13,13,synthetic/tests/test_suite_03.py::test_case_22,FAIL
13,13,synthetic/tests/test_suite_03.py::test_case_28,PASS
13,13,synthetic/tests/test_suite_03.py::test_case_24,FAIL
13,13,synthetic/tests/test_suite_03.py::test_case_30,PASS
13,13,synthetic/tests/test_suite_03.py::test_case_31,PASS
13,13,synthetic/tests/test_suite_03.py::test_case_29,PASS
13,13,synthetic/tests/test_suite_03.py::test_case_25,FAIL
13,13,synthetic/tests/test_suite_03.py::test_case_21,FAIL
13,13,synthetic/tests/test_suite_02.py::test_case_19,FAIL
13,13,synthetic/tests/test_suite_02.py::test_case_11,PASS
13,13,synthetic/tests/test_suite_02.py::test_case_15,FAIL
13,13,synthetic/tests/test_suite_02.py::test_case_20,FAIL
13,13,synthetic/tests/test_suite_02.py::test_case_18,PASS
13,13,synthetic/tests/test_suite_02.py::test_case_14,FAIL
13,13,synthetic/tests/test_suite_02.py::test_case_12,FAIL
13,13,synthetic/tests/test_suite_02.py::test_case_16,PASS
13,13,synthetic/tests/test_suite_02.py::test_case_17,PASS
13,13,synthetic/tests/test_suite_02.py::test_case_13,PASS
14,14,synthetic/tests/test_suite_01.py::test_case_07,PASS
14,14,synthetic/tests/test_suite_01.py::test_case_03,PASS
14,14,synthetic/tests/test_suite_01.py::test_case_02,FAIL
14,14,synthetic/tests/test_suite_01.py::test_case_06,FAIL
14,14,synthetic/tests/test_suite_01.py::test_case_08,FAIL
14,14,synthetic/tests/test_suite_01.py::test_case_04,PASS
14,14,synthetic/tests/test_suite_01.py::test_case_10,PASS
14,14,synthetic/tests/test_suite_01.py::test_case_09,PASS
14,14,synthetic/tests/test_suite_01.py::test_case_01,PASS
14,14,synthetic/tests/test_suite_01.py::test_case_05,PASS
14,14,synthetic/tests/test_suite_02.py::test_case_19,FAIL
14,14,synthetic/tests/test_suite_02.py::test_case_11,PASS
14,14,synthetic/tests/test_suite_02.py::test_case_15,FAIL
14,14,synthetic/tests/test_suite_02.py::test_case_18,PASS
14,14,synthetic/tests/test_suite_02.py::test_case_14,FAIL
14,14,synthetic/tests/test_suite_02.py::test_case_20,FAIL
14,14,synthetic/tests/test_suite_02.py::test_case_12,FAIL
14,14,synthetic/tests/test_suite_02.py::test_case_16,FAIL
14,14,synthetic/tests/test_suite_02.py::test_case_17,PASS
14,14,synthetic/tests/test_suite_02.py::test_case_13,FAIL
14,14,synthetic/tests/test_suite_03.py::test_case_23,FAIL
14,14,synthetic/tests/test_suite_03.py::test_case_27,FAIL
14,14,synthetic/tests/test_suite_03.py::test_case_26,FAIL
14,14,synthetic/tests/test_suite_03.py::test_case_22,FAIL
14,14,synthetic/tests/test_suite_03.py::test_case_30,PASS
14,14,synthetic/tests/test_suite_03.py::test_case_28,PASS
14,14,synthetic/tests/test_suite_03.py::test_case_24,FAIL
14,14,synthetic/tests/test_suite_03.py::test_case_29,PASS
14,14,synthetic/tests/test_suite_03.py::test_case_25,FAIL
14,14,synthetic/tests/test_suite_03.py::test_case_21,FAIL
14,14,synthetic/tests/test_suite_03.py::test_case_31,PASS
15,15,synthetic/tests/test_suite_01.py::test_case_06,FAIL
15,15,synthetic/tests/test_suite_01.py::test_case_02,FAIL
15,15,synthetic/tests/test_suite_01.py::test_case_03,PASS
15,15,synthetic/tests/test_suite_01.py::test_case_07,PASS
15,15,synthetic/tests/test_suite_01.py::test_case_05,PASS
15,15,synthetic/tests/test_suite_01.py::test_case_01,PASS
15,15,synthetic/tests/test_suite_01.py::test_case_09,PASS
15,15,synthetic/tests/test_suite_01.py::test_case_04,PASS
15,15,synthetic/tests/test_suite_01.py::test_case_08,FAIL
15,15,synthetic/tests/test_suite_01.py::test_case_10,FAIL
15,15,synthetic/tests/test_suite_02.py::test_case_14,FAIL
15,15,synthetic/tests/test_suite_02.py::test_case_18,PASS
15,15,synthetic/tests/test_suite_02.py::test_case_20,FAIL
15,15,synthetic/tests/test_suite_02.py::test_case_15,FAIL
15,15,synthetic/tests/test_suite_02.py::test_case_11,PASS
15,15,synthetic/tests/test_suite_02.py::test_case_19,FAIL
15,15,synthetic/tests/test_suite_02.py::test_case_13,FAIL
15,15,synthetic/tests/test_suite_02.py::test_case_17,PASS
15,15,synthetic/tests/test_suite_02.py::test_case_16,FAIL
15,15,synthetic/tests/test_suite_02.py::test_case_12,FAIL
15,15,synthetic/tests/test_suite_03.py::test_case_22,FAIL
15,15,synthetic/tests/test_suite_03.py::test_case_26,FAIL
15,15,synthetic/tests/test_suite_03.py::test_case_27,FAIL
15,15,synthetic/tests/test_suite_03.py::test_case_23,FAIL
15,15,synthetic/tests/test_suite_03.py::test_case_21,FAIL
15,15,synthetic/tests/test_suite_03.py::test_case_25,FAIL
15,15,synthetic/tests/test_suite_03.py::test_case_29,PASS
15,15,synthetic/tests/test_suite_03.py::test_case_31,PASS
15,15,synthetic/tests/test_suite_03.py::test_case_30,PASS
15,15,synthetic/tests/test_suite_03.py::test_case_24,FAIL
15,15,synthetic/tests/test_suite_03.py::test_case_28,PASS
16,16,synthetic/tests/test_suite_01.py::test_case_10,PASS
16,16,synthetic/tests/test_suite_01.py::test_case_04,FAIL
16,16,synthetic/tests/test_suite_01.py::test_case_08,PASS
16,16,synthetic/tests/test_suite_01.py::test_case_05,PASS
16,16,synthetic/tests/test_suite_01.py::test_case_01,PASS
16,16,synthetic/tests/test_suite_01.py::test_case_09,PASS
16,16,synthetic/tests/test_suite_01.py::test_case_03,PASS
16,16,synthetic/tests/test_suite_01.py::test_case_07,PASS
16,16,synthetic/tests/test_suite_01.py::test_case_06,PASS
16,16,synthetic/tests/test_suite_01.py::test_case_02,PASS
16,16,synthetic/tests/test_suite_02.py::test_case_16,PASS
16,16,synthetic/tests/test_suite_02.py::test_case_12,PASS
16,16,synthetic/tests/test_suite_02.py::test_case_13,FAIL
16,16,synthetic/tests/test_suite_02.py::test_case_17,FAIL
16,16,synthetic/tests/test_suite_02.py::test_case_15,FAIL
16,16,synthetic/tests/test_suite_02.py::test_case_11,PASS
16,16,synthetic/tests/test_suite_02.py::test_case_19,FAIL
16,16,synthetic/tests/test_suite_02.py::test_case_14,FAIL
16,16,synthetic/tests/test_suite_02.py::test_case_18,PASS
16,16,synthetic/tests/test_suite_02.py::test_case_20,FAIL
16,16,synthetic/tests/test_suite_03.py::test_case_24,FAIL
16,16,synthetic/tests/test_suite_03.py::test_case_28,PASS
16,16,synthetic/tests/test_suite_03.py::test_case_30,PASS
16,16,synthetic/tests/test_suite_03.py::test_case_31,PASS
16,16,synthetic/tests/test_suite_03.py::test_case_21,FAIL
16,16,synthetic/tests/test_suite_03.py::test_case_25,FAIL
16,16,synthetic/tests/test_suite_03.py::test_case_29,PASS
16,16,synthetic/tests/test_suite_03.py::test_case_27,FAIL
16,16,synthetic/tests/test_suite_03.py::test_case_23,FAIL
16,16,synthetic/tests/test_suite_03.py::test_case_22,FAIL
16,16,synthetic/tests/test_suite_03.py::test_case_26,FAIL
17,17,synthetic/tests/test_suite_01.py::test_case_09,PASS
17,17,synthetic/tests/test_suite_01.py::test_case_01,PASS
17,17,synthetic/tests/test_suite_01.py::test_case_05,PASS
17,17,synthetic/tests/test_suite_01.py::test_case_10,FAIL
17,17,synthetic/tests/test_suite_01.py::test_case_08,PASS
17,17,synthetic/tests/test_suite_01.py::test_case_04,FAIL
17,17,synthetic/tests/test_suite_01.py::test_case_02,PASS
17,17,synthetic/tests/test_suite_01.py::test_case_06,PASS
17,17,synthetic/tests/test_suite_01.py::test_case_07,PASS
17,17,synthetic/tests/test_suite_01.py::test_case_03,PASS
17,17,synthetic/tests/test_suite_02.py::test_case_17,PASS
17,17,synthetic/tests/test_suite_02.py::test_case_13,FAIL
17,17,synthetic/tests/test_suite_02.py::test_case_12,PASS
17,17,synthetic/tests/test_suite_02.py::test_case_16,PASS
17,17,synthetic/tests/test_suite_02.py::test_case_18,PASS
17,17,synthetic/tests/test_suite_02.py::test_case_14,FAIL
17,17,synthetic/tests/test_suite_02.py::test_case_20,FAIL
17,17,synthetic/tests/test_suite_02.py::test_case_19,FAIL
17,17,synthetic/tests/test_suite_02.py::test_case_11,PASS
17,17,synthetic/tests/test_suite_02.py::test_case_15,FAIL
17,17,synthetic/tests/test_suite_03.py::test_case_31,PASS
17,17,synthetic/tests/test_suite_03.py::test_case_29,PASS
17,17,synthetic/tests/test_suite_03.py::test_case_25,FAIL
17,17,synthetic/tests/test_suite_03.py::test_case_21,FAIL
17,17,synthetic/tests/test_suite_03.py::test_case_28,PASS
17,17,synthetic/tests/test_suite_03.py::test_case_24,FAIL
17,17,synthetic/tests/test_suite_03.py::test_case_30,PASS
17,17,synthetic/tests/test_suite_03.py::test_case_26,FAIL
17,17,synthetic/tests/test_suite_03.py::test_case_22,FAIL
17,17,synthetic/tests/test_suite_03.py::test_case_23,FAIL
17,17,synthetic/tests/test_suite_03.py::test_case_27,FAIL
18,18,synthetic/tests/test_suite_03.py::test_case_31,PASS
18,18,synthetic/tests/test_suite_03.py::test_case_25,FAIL
18,18,synthetic/tests/test_suite_03.py::test_case_21,FAIL
18,18,synthetic/tests/test_suite_03.py::test_case_29,PASS
18,18,synthetic/tests/test_suite_03.py::test_case_24,FAIL
18,18,synthetic/tests/test_suite_03.py::test_case_28,PASS
18,18,synthetic/tests/test_suite_03.py::test_case_30,PASS
18,18,synthetic/tests/test_suite_03.py::test_case_26,FAIL
18,18,synthetic/tests/test_suite_03.py::test_case_22,FAIL
18,18,synthetic/tests/test_suite_03.py::test_case_23,FAIL
18,18,synthetic/tests/test_suite_03.py::test_case_27,FAIL
18,18,synthetic/tests/test_suite_02.py::test_case_17,PASS
18,18,synthetic/tests/test_suite_02.py::test_case_13,FAIL
18,18,synthetic/tests/test_suite_02.py::test_case_12,PASS
18,18,synthetic/tests/test_suite_02.py::test_case_16,PASS
18,18,synthetic/tests/test_suite_02.py::test_case_20,FAIL
18,18,synthetic/tests/test_suite_02.py::test_case_14,FAIL
18,18,synthetic/tests/test_suite_02.py::test_case_18,PASS
18,18,synthetic/tests/test_suite_02.py::test_case_11,PASS
18,18,synthetic/tests/test_suite_02.py::test_case_15,FAIL
18,18,synthetic/tests/test_suite_02.py::test_case_19,FAIL
18,18,synthetic/tests/test_suite_01.py::test_case_01,PASS
18,18,synthetic/tests/test_suite_01.py::test_case_05,PASS
18,18,synthetic/tests/test_suite_01.py::test_case_09,PASS
18,18,synthetic/tests/test_suite_01.py::test_case_10,FAIL
18,18,synthetic/tests/test_suite_01.py::test_case_04,FAIL
18,18,synthetic/tests/test_suite_01.py::test_case_08,PASS
18,18,synthetic/tests/test_suite_01.py::test_case_02,PASS
18,18,synthetic/tests/test_suite_01.py::test_case_06,PASS
18,18,synthetic/tests/test_suite_01.py::test_case_07,PASS
18,18,synthetic/tests/test_suite_01.py::test_case_03,PASS
19,19,synthetic/tests/test_suite_03.py::test_case_28,PASS
19,19,synthetic/tests/test_suite_03.py::test_case_24,FAIL
19,19,synthetic/tests/test_suite_03.py::test_case_30,PASS
19,19,synthetic/tests/test_suite_03.py::test_case_31,PASS
19,19,synthetic/tests/test_suite_03.py::test_case_29,PASS
19,19,synthetic/tests/test_suite_03.py::test_case_21,FAIL
19,19,synthetic/tests/test_suite_03.py::test_case_25,FAIL
19,19,synthetic/tests/test_suite_03.py::test_case_27,FAIL
19,19,synthetic/tests/test_suite_03.py::test_case_23,FAIL
19,19,synthetic/tests/test_suite_03.py::test_case_22,FAIL
19,19,synthetic/tests/test_suite_03.py::test_case_26,FAIL
19,19,synthetic/tests/test_suite_02.py::test_case_16,PASS
19,19,synthetic/tests/test_suite_02.py::test_case_12,PASS
19,19,synthetic/tests/test_suite_02.py::test_case_13,FAIL
19,19,synthetic/tests/test_suite_02.py::test_case_17,PASS
19,19,synthetic/tests/test_suite_02.py::test_case_19,FAIL
19,19,synthetic/tests/test_suite_02.py::test_case_15,FAIL
19,19,synthetic/tests/test_suite_02.py::test_case_11,PASS
19,19,synthetic/tests/test_suite_02.py::test_case_20,FAIL
19,19,synthetic/tests/test_suite_02.py::test_case_18,PASS
19,19,synthetic/tests/test_suite_02.py::test_case_14,FAIL
19,19,synthetic/tests/test_suite_01.py::test_case_10,PASS
19,19,synthetic/tests/test_suite_01.py::test_case_08,PASS
19,19,synthetic/tests/test_suite_01.py::test_case_04,FAIL
19,19,synthetic/tests/test_suite_01.py::test_case_09,PASS
19,19,synthetic/tests/test_suite_01.py::test_case_05,PASS
19,19,synthetic/tests/test_suite_01.py::test_case_01,PASS
19,19,synthetic/tests/test_suite_01.py::test_case_03,PASS
19,19,synthetic/tests/test_suite_01.py::test_case_07,PASS
19,19,synthetic/tests/test_suite_01.py::test_case_06,PASS
19,19,synthetic/tests/test_suite_01.py::test_case_02,PASS
20,20,synthetic/tests/test_suite_01.py::test_case_01,PASS
20,20,synthetic/tests/test_suite_01.py::test_case_05,PASS
20,20,synthetic/tests/test_suite_01.py::test_case_09,PASS
20,20,synthetic/tests/test_suite_01.py::test_case_04,FAIL
20,20,synthetic/tests/test_suite_01.py::test_case_08,PASS
20,20,synthetic/tests/test_suite_01.py::test_case_10,FAIL
20,20,synthetic/tests/test_suite_01.py::test_case_02,PASS
20,20,synthetic/tests/test_suite_01.py::test_case_06,PASS
20,20,synthetic/tests/test_suite_01.py::test_case_07,PASS
20,20,synthetic/tests/test_suite_01.py::test_case_03,PASS
20,20,synthetic/tests/test_suite_02.py::test_case_17,PASS
20,20,synthetic/tests/test_suite_02.py::test_case_13,PASS
20,20,synthetic/tests/test_suite_02.py::test_case_12,PASS
20,20,synthetic/tests/test_suite_02.py::test_case_16,PASS
20,20,synthetic/tests/test_suite_02.py::test_case_14,FAIL
20,20,synthetic/tests/test_suite_02.py::test_case_18,PASS
20,20,synthetic/tests/test_suite_02.py::test_case_20,FAIL
20,20,synthetic/tests/test_suite_02.py::test_case_11,PASS
20,20,synthetic/tests/test_suite_02.py::test_case_15,FAIL
20,20,synthetic/tests/test_suite_02.py::test_case_19,FAIL
20,20,synthetic/tests/test_suite_03.py::test_case_25,FAIL
20,20,synthetic/tests/test_suite_03.py::test_case_21,FAIL
20,20,synthetic/tests/test_suite_03.py::test_case_29,PASS
20,20,synthetic/tests/test_suite_03.py::test_case_31,PASS
20,20,synthetic/tests/test_suite_03.py::test_case_30,PASS
20,20,synthetic/tests/test_suite_03.py::test_case_24,FAIL
20,20,synthetic/tests/test_suite_03.py::test_case_28,PASS
20,20,synthetic/tests/test_suite_03.py::test_case_26,FAIL
20,20,synthetic/tests/test_suite_03.py::test_case_22,FAIL
20,20,synthetic/tests/test_suite_03.py::test_case_23,FAIL
20,20,synthetic/tests/test_suite_03.py::test_case_27,FAIL
